{
  "number": 10007,
  "projections": {
    "threethirtyeight": {
      "party": "lpc",
      "confidence": 0.5
    },
    "calculatedPolitics": {
      "party": null,
      "confidence": 0
    }
  },
  "scores": [
    {
      "party": "lpc",
      "score": 0.25
    }
  ],
  "winner": {
    "party": null,
    "confidence": 0
  },
  "name": "St. John's South--Mount Pearl",
  "slug": "St.-John's-South-Mount-Pearl",
  "position": {
    "x": 47.42965291501914,
    "y": -52.77317406060497
  },
  "bounds": [
    [
      47.23934145191103,
      -53.03786824631182
    ],
    [
      47.57527739640848,
      -52.582295821694494
    ]
  ]
}