{
  "number": 10006,
  "projections": {
    "threethirtyeight": {
      "party": null,
      "confidence": 0
    },
    "calculatedPolitics": {
      "party": "ndp",
      "confidence": 0.5
    }
  },
  "scores": [
    {
      "party": "ndp",
      "score": 0.25
    }
  ],
  "winner": {
    "party": null,
    "confidence": 0
  },
  "name": "St. John's East",
  "slug": "St.-John's-East",
  "position": {
    "x": 47.68916020750526,
    "y": -52.86310171158402
  },
  "bounds": [
    [
      47.51895846359314,
      -53.106226994781146
    ],
    [
      47.989919536125804,
      -52.62054361201645
    ]
  ]
}