{
  "number": 11003,
  "projections": {
    "threethirtyeight": {
      "party": null,
      "confidence": 0
    },
    "calculatedPolitics": {
      "party": "lpc",
      "confidence": 0.5
    }
  },
  "scores": [
    {
      "party": "lpc",
      "score": 0.25
    }
  ],
  "winner": {
    "party": null,
    "confidence": 0
  },
  "name": "Egmont",
  "position": {
    "y": -64.0667622332108,
    "x": 46.66187159671811
  },
  "bounds": [
    [
      46.32620820506768,
      -64.44601613056889
    ],
    [
      47.06596779633777,
      -63.69216666747294
    ]
  ]
}