{
  "number": 12009,
  "projections": {
    "threethirtyeight": {
      "party": null,
      "confidence": 0
    },
    "calculatedPolitics": {
      "party": "lpc",
      "confidence": 1
    }
  },
  "scores": [
    {
      "party": "lpc",
      "score": 0.5
    }
  ],
  "winner": {
    "party": "lpc",
    "score": 0.5
  },
  "name": "South Shore--St. Margarets",
  "position": {
    "y": -64.83199746958044,
    "x": 44.16865839014152
  },
  "bounds": [
    [
      43.25506541222338,
      -65.85968960478206
    ],
    [
      44.8993114142682,
      -63.641947762238054
    ]
  ]
}