{
  "number": 24008,
  "projections": {
    "threethirtyeight": {
      "party": null,
      "confidence": 0
    },
    "calculatedPolitics": {
      "party": "cpc",
      "confidence": 0.5
    }
  },
  "scores": [
    {
      "party": "cpc",
      "score": 0.25
    }
  ],
  "winner": {
    "party": null,
    "confidence": 0
  },
  "name": "Beauport--Limoilou",
  "slug": "Beauport-Limoilou",
  "position": {
    "x": 46.85614251758636,
    "y": -71.20505024426917
  },
  "bounds": [
    [
      46.81889262657151,
      -71.26196881257046
    ],
    [
      46.899276495567364,
      -71.14652674101183
    ]
  ]
}