{
  "number": 24012,
  "projections": {
    "threethirtyeight": {
      "party": null,
      "confidence": 0
    },
    "calculatedPolitics": {
      "party": null,
      "confidence": 0
    }
  },
  "scores": [],
  "winner": {
    "party": null,
    "confidence": 0
  },
  "name": "Berthier--Maskinongé",
  "position": {
    "x": 46.40221152243776,
    "y": -73.17588116526382
  },
  "bounds": [
    [
      45.84763826508548,
      -73.68253220388797
    ],
    [
      46.88926150577536,
      -72.59935691031058
    ]
  ]
}