{
  "number": 24011,
  "projections": {
    "threethirtyeight": {
      "party": null,
      "confidence": 0
    },
    "calculatedPolitics": {
      "party": "lpc",
      "confidence": 0.5
    }
  },
  "scores": [
    {
      "party": "lpc",
      "score": 0.25
    }
  ],
  "winner": {
    "party": null,
    "confidence": 0
  },
  "name": "Beloeil--Chambly",
  "position": {
    "x": 45.480253178530376,
    "y": -73.20786628886195
  },
  "bounds": [
    [
      45.36205943158459,
      -73.38701092273587
    ],
    [
      45.63323370258973,
      -73.06226821423661
    ]
  ]
}