{
  "number": 24023,
  "projections": {
    "threethirtyeight": {
      "party": null,
      "confidence": 0
    },
    "calculatedPolitics": {
      "party": null,
      "confidence": 0
    }
  },
  "scores": [],
  "winner": {
    "party": null,
    "confidence": 0
  },
  "name": "Compton--Stanstead",
  "slug": "Compton-Stanstead",
  "position": {
    "x": 45.34567631591344,
    "y": -71.65521701803789
  },
  "bounds": [
    [
      45.00476966875214,
      -72.28215675265345
    ],
    [
      45.79874334994339,
      -71.13096806663707
    ]
  ]
}