{
  "number": 24022,
  "projections": {
    "threethirtyeight": {
      "party": null,
      "confidence": 0
    },
    "calculatedPolitics": {
      "party": "cpc",
      "confidence": 0.5
    }
  },
  "scores": [
    {
      "party": "cpc",
      "score": 0.25
    }
  ],
  "winner": {
    "party": null,
    "confidence": 0
  },
  "name": "Chicoutimi--Le Fjord",
  "slug": "Chicoutimi-Le-Fjord",
  "position": {
    "x": 48.203482392931704,
    "y": -70.54552644312804
  },
  "bounds": [
    [
      47.99987348490737,
      -71.20072624051656
    ],
    [
      48.48891169593376,
      -69.87082383514165
    ]
  ]
}