{
  "number": 24021,
  "projections": {
    "threethirtyeight": {
      "party": null,
      "confidence": 0
    },
    "calculatedPolitics": {
      "party": "bq",
      "confidence": 0.5
    }
  },
  "scores": [
    {
      "party": "bq",
      "score": 0.25
    }
  ],
  "winner": {
    "party": null,
    "confidence": 0
  },
  "name": "Châteauguay--Lacolle",
  "slug": "Chateauguay-Lacolle",
  "position": {
    "x": 45.21365166915794,
    "y": -73.59253108383442
  },
  "bounds": [
    [
      45.006114797630616,
      -73.86670707350056
    ],
    [
      45.41764988172099,
      -73.35187038994643
    ]
  ]
}