{
  "number": 24025,
  "projections": {
    "threethirtyeight": {
      "party": null,
      "confidence": 0
    },
    "calculatedPolitics": {
      "party": "lpc",
      "confidence": 0.5
    }
  },
  "scores": [
    {
      "party": "lpc",
      "score": 0.25
    }
  ],
  "winner": {
    "party": null,
    "confidence": 0
  },
  "name": "Drummond",
  "position": {
    "y": -72.47074121494424,
    "x": 45.85764704442678
  },
  "bounds": [
    [
      45.5893207449542,
      -72.85440222474534
    ],
    [
      46.097578390213265,
      -72.0932317940695
    ]
  ]
}