{
  "number": 24035,
  "projections": {
    "threethirtyeight": {
      "party": null,
      "confidence": 0
    },
    "calculatedPolitics": {
      "party": "cpc",
      "confidence": 0.5
    }
  },
  "scores": [
    {
      "party": "cpc",
      "score": 0.25
    }
  ],
  "winner": {
    "party": null,
    "confidence": 0
  },
  "name": "Lac-Saint-Jean",
  "slug": "Lac-Saint-Jean",
  "position": {
    "x": 49.53999360179894,
    "y": -72.5566890551627
  },
  "bounds": [
    [
      47.949661080734074,
      -74.4438903054567
    ],
    [
      52.2798234329109,
      -70.8579515365541
    ]
  ]
}