{
  "number": 24038,
  "projections": {
    "threethirtyeight": {
      "party": null,
      "confidence": 0
    },
    "calculatedPolitics": {
      "party": "lpc",
      "confidence": 0.5
    }
  },
  "scores": [
    {
      "party": "lpc",
      "score": 0.25
    }
  ],
  "winner": {
    "party": null,
    "confidence": 0
  },
  "name": "Laurentides--Labelle",
  "position": {
    "x": 46.778756215115244,
    "y": -75.08425647880146
  },
  "bounds": [
    [
      45.81933743248754,
      -76.14926066533585
    ],
    [
      47.76457514608861,
      -73.96050325012679
    ]
  ]
}