{
  "number": 24039,
  "projections": {
    "threethirtyeight": {
      "party": null,
      "confidence": 0
    },
    "calculatedPolitics": {
      "party": "bq",
      "confidence": 0.5
    }
  },
  "scores": [
    {
      "party": "bq",
      "score": 0.25
    }
  ],
  "winner": {
    "party": null,
    "confidence": 0
  },
  "name": "Laurier--Sainte-Marie",
  "position": {
    "y": -73.56583601867756,
    "x": 45.526166729740375
  },
  "bounds": [
    [
      45.50382641672375,
      -73.59630474613269
    ],
    [
      45.541619726601446,
      -73.53346418644205
    ]
  ]
}