{
  "number": 24049,
  "projections": {
    "threethirtyeight": {
      "party": null,
      "confidence": 0
    },
    "calculatedPolitics": {
      "party": "bq",
      "confidence": 0.5
    }
  },
  "scores": [
    {
      "party": "bq",
      "score": 0.25
    }
  ],
  "winner": {
    "party": null,
    "confidence": 0
  },
  "name": "Montarville",
  "slug": "Montarville",
  "position": {
    "x": 45.54416275061752,
    "y": -73.32756234956679
  },
  "bounds": [
    [
      45.44879103460245,
      -73.41964872375763
    ],
    [
      45.65078987749352,
      -73.23175042778784
    ]
  ]
}