{
  "number": 24064,
  "projections": {
    "threethirtyeight": {
      "party": null,
      "confidence": 0
    },
    "calculatedPolitics": {
      "party": "ndp",
      "confidence": 0.5
    }
  },
  "scores": [
    {
      "party": "ndp",
      "score": 0.25
    }
  ],
  "winner": {
    "party": null,
    "confidence": 0
  },
  "name": "Rosemont--La Petite-Patrie",
  "position": {
    "y": -73.58685452546295,
    "x": 45.54575550568229
  },
  "bounds": [
    [
      45.52566071659534,
      -73.62148077089249
    ],
    [
      45.56500950574206,
      -73.55446971743274
    ]
  ]
}