{
  "number": 24066,
  "projections": {
    "threethirtyeight": {
      "party": null,
      "confidence": 0
    },
    "calculatedPolitics": {
      "party": "bq",
      "confidence": 0.5
    }
  },
  "scores": [
    {
      "party": "bq",
      "score": 0.25
    }
  ],
  "winner": {
    "party": null,
    "confidence": 0
  },
  "name": "Saint-Hyacinthe--Bagot",
  "slug": "Saint-Hyacinthe-Bagot",
  "position": {
    "x": 45.65621702603958,
    "y": -72.79343713166826
  },
  "bounds": [
    [
      45.44926185625624,
      -73.14011389144837
    ],
    [
      45.90799327955744,
      -72.31440104756477
    ]
  ]
}