{
  "number": 24061,
  "projections": {
    "threethirtyeight": {
      "party": null,
      "confidence": 0
    },
    "calculatedPolitics": {
      "party": "cpc",
      "confidence": 0.5
    }
  },
  "scores": [
    {
      "party": "cpc",
      "score": 0.25
    }
  ],
  "winner": {
    "party": null,
    "confidence": 0
  },
  "name": "Richmond--Arthabaska",
  "slug": "Richmond-Arthabaska",
  "position": {
    "x": 45.853591292005156,
    "y": -71.9407349247358
  },
  "bounds": [
    [
      45.380853214238144,
      -72.32720638045666
    ],
    [
      46.326629162343316,
      -71.43667967161522
    ]
  ]
}