{
  "number": 24072,
  "projections": {
    "threethirtyeight": {
      "party": null,
      "confidence": 0
    },
    "calculatedPolitics": {
      "party": null,
      "confidence": 0
    }
  },
  "scores": [],
  "winner": {
    "party": null,
    "confidence": 0
  },
  "name": "Shefford",
  "slug": "Shefford",
  "position": {
    "x": 45.42868825029576,
    "y": -72.6294293812877
  },
  "bounds": [
    [
      45.26455297039047,
      -73.16213086687978
    ],
    [
      45.59843729002512,
      -72.12859368940707
    ]
  ]
}