{
  "number": 24073,
  "projections": {
    "threethirtyeight": {
      "party": null,
      "confidence": 0
    },
    "calculatedPolitics": {
      "party": "bq",
      "confidence": 0.5
    }
  },
  "scores": [
    {
      "party": "bq",
      "score": 0.25
    }
  ],
  "winner": {
    "party": null,
    "confidence": 0
  },
  "name": "Sherbrooke",
  "slug": "Sherbrooke",
  "position": {
    "x": 45.406271459076784,
    "y": -71.90202023138905
  },
  "bounds": [
    [
      45.34897841543684,
      -71.98507331095261
    ],
    [
      45.453296814679824,
      -71.80255477122473
    ]
  ]
}