{
  "number": 24071,
  "projections": {
    "threethirtyeight": {
      "party": null,
      "confidence": 0
    },
    "calculatedPolitics": {
      "party": "lpc",
      "confidence": 0.5
    }
  },
  "scores": [
    {
      "party": "lpc",
      "score": 0.25
    }
  ],
  "winner": {
    "party": null,
    "confidence": 0
  },
  "name": "Salaberry--Suroît",
  "position": {
    "x": 45.16204977137568,
    "y": -74.09854430690599
  },
  "bounds": [
    [
      44.99114316765957,
      -74.66855690414323
    ],
    [
      45.45750663732139,
      -73.51062237234368
    ]
  ]
}