{
  "number": 35003,
  "projections": {
    "threethirtyeight": {
      "party": null,
      "confidence": 0
    },
    "calculatedPolitics": {
      "party": "lpc",
      "confidence": 0.5
    }
  },
  "scores": [
    {
      "party": "lpc",
      "score": 0.25
    }
  ],
  "winner": {
    "party": null,
    "confidence": 0
  },
  "name": "Aurora--Oak Ridges--Richmond Hill",
  "position": {
    "y": -79.4350158759187,
    "x": 43.94678975236722
  },
  "bounds": [
    [
      43.87828389997058,
      -79.49429671326826
    ],
    [
      44.01380967391177,
      -79.37959889795621
    ]
  ]
}