{
  "number": 35015,
  "projections": {
    "threethirtyeight": {
      "party": null,
      "confidence": 0
    },
    "calculatedPolitics": {
      "party": "lpc",
      "confidence": 0.5
    }
  },
  "scores": [
    {
      "party": "lpc",
      "score": 0.25
    }
  ],
  "winner": {
    "party": null,
    "confidence": 0
  },
  "name": "Burlington",
  "slug": "Burlington",
  "position": {
    "x": 43.33949034481203,
    "y": -79.81778352499309
  },
  "bounds": [
    [
      43.28615758501358,
      -79.91252965779576
    ],
    [
      43.39541399329879,
      -79.72018083748276
    ]
  ]
}