{
  "number": 35016,
  "projections": {
    "threethirtyeight": {
      "party": null,
      "confidence": 0
    },
    "calculatedPolitics": {
      "party": null,
      "confidence": 0
    }
  },
  "scores": [],
  "winner": {
    "party": null,
    "confidence": 0
  },
  "name": "Cambridge",
  "slug": "Cambridge",
  "position": {
    "x": 43.322394168815684,
    "y": -80.34923393685598
  },
  "bounds": [
    [
      43.22486148587756,
      -80.50595460686769
    ],
    [
      43.42097459308555,
      -80.18760310172958
    ]
  ]
}