{
  "number": 35024,
  "projections": {
    "threethirtyeight": {
      "party": null,
      "confidence": 0
    },
    "calculatedPolitics": {
      "party": "lpc",
      "confidence": 0.5
    }
  },
  "scores": [
    {
      "party": "lpc",
      "score": 0.25
    }
  ],
  "winner": {
    "party": null,
    "confidence": 0
  },
  "name": "Eglinton--Lawrence",
  "position": {
    "y": -79.43383212419884,
    "x": 43.71831122236079
  },
  "bounds": [
    [
      43.69215678994417,
      -79.4725218770349
    ],
    [
      43.753603907185365,
      -79.39835610751169
    ]
  ]
}