{
  "number": 35037,
  "projections": {
    "threethirtyeight": {
      "party": null,
      "confidence": 0
    },
    "calculatedPolitics": {
      "party": "ndp",
      "confidence": 0.5
    }
  },
  "scores": [
    {
      "party": "ndp",
      "score": 0.25
    }
  ],
  "winner": {
    "party": null,
    "confidence": 0
  },
  "name": "Hamilton Mountain",
  "position": {
    "x": 43.21653863876036,
    "y": -79.85706859891891
  },
  "bounds": [
    [
      43.18616899875929,
      -79.91225851809315
    ],
    [
      43.24545111297575,
      -79.8148512494938
    ]
  ]
}