{
  "number": 35036,
  "projections": {
    "threethirtyeight": {
      "party": null,
      "confidence": 0
    },
    "calculatedPolitics": {
      "party": "lpc",
      "confidence": 0.5
    }
  },
  "scores": [
    {
      "party": "lpc",
      "score": 0.25
    }
  ],
  "winner": {
    "party": null,
    "confidence": 0
  },
  "name": "Hamilton East--Stoney Creek",
  "position": {
    "y": -79.7415630200623,
    "x": 43.232255090682656
  },
  "bounds": [
    [
      43.194957974867066,
      -79.81982319375894
    ],
    [
      43.30113071420188,
      -79.62204972970494
    ]
  ]
}