{
  "number": 35043,
  "projections": {
    "threethirtyeight": {
      "party": null,
      "confidence": 0
    },
    "calculatedPolitics": {
      "party": null,
      "confidence": 0
    }
  },
  "scores": [],
  "winner": {
    "party": null,
    "confidence": 0
  },
  "name": "King--Vaughan",
  "position": {
    "y": -79.60388615433115,
    "x": 43.93100750447176
  },
  "bounds": [
    [
      43.81930340253379,
      -79.77550439904392
    ],
    [
      44.04918730597698,
      -79.45866018464103
    ]
  ]
}