{
  "number": 35041,
  "projections": {
    "threethirtyeight": {
      "party": null,
      "confidence": 0
    },
    "calculatedPolitics": {
      "party": "lpc",
      "confidence": 1
    }
  },
  "scores": [
    {
      "party": "lpc",
      "score": 0.5
    }
  ],
  "winner": {
    "party": "lpc",
    "score": 0.5
  },
  "name": "Kanata--Carleton",
  "position": {
    "y": -76.09707124570373,
    "x": 45.3710495085017
  },
  "bounds": [
    [
      45.171460309146774,
      -76.35397110687275
    ],
    [
      45.51918409910944,
      -75.83253480321461
    ]
  ]
}