{
  "number": 35057,
  "projections": {
    "threethirtyeight": {
      "party": null,
      "confidence": 0
    },
    "calculatedPolitics": {
      "party": "cpc",
      "confidence": 0.5
    }
  },
  "scores": [
    {
      "party": "cpc",
      "score": 0.25
    }
  ],
  "winner": {
    "party": null,
    "confidence": 0
  },
  "name": "Milton",
  "slug": "Milton",
  "position": {
    "x": 43.49951445266575,
    "y": -79.93386519747352
  },
  "bounds": [
    [
      43.35279710219228,
      -80.16035631046282
    ],
    [
      43.62897720605675,
      -79.72691888586452
    ]
  ]
}