{
  "number": 35051,
  "projections": {
    "threethirtyeight": {
      "party": null,
      "confidence": 0
    },
    "calculatedPolitics": {
      "party": "ndp",
      "confidence": 1
    }
  },
  "scores": [
    {
      "party": "ndp",
      "score": 0.5
    }
  ],
  "winner": {
    "party": "ndp",
    "score": 0.5
  },
  "name": "London--Fanshawe",
  "position": {
    "y": -81.18079270935512,
    "x": 42.99259957827126
  },
  "bounds": [
    [
      42.92323530487492,
      -81.26050739425304
    ],
    [
      43.07324455814146,
      -81.11344695307666
    ]
  ]
}