{
  "number": 35051,
  "projections": {
    "threethirtyeight": {
      "party": null,
      "confidence": 0
    },
    "calculatedPolitics": {
      "party": "ndp",
      "confidence": 0.5
    }
  },
  "scores": [
    {
      "party": "ndp",
      "score": 0.25
    }
  ],
  "winner": {
    "party": null,
    "confidence": 0
  },
  "name": "London--Fanshawe",
  "slug": "London-Fanshawe",
  "position": {
    "x": 42.99259957827126,
    "y": -81.18079270935512
  },
  "bounds": [
    [
      42.92323530487492,
      -81.26050739425304
    ],
    [
      43.07324455814146,
      -81.11344695307666
    ]
  ]
}