{
  "number": 35061,
  "projections": {
    "threethirtyeight": {
      "party": null,
      "confidence": 0
    },
    "calculatedPolitics": {
      "party": null,
      "confidence": 0
    }
  },
  "scores": [],
  "winner": {
    "party": null,
    "confidence": 0
  },
  "name": "Mississauga--Lakeshore",
  "slug": "Mississauga-Lakeshore",
  "position": {
    "x": 43.540826126548474,
    "y": -79.5995831740433
  },
  "bounds": [
    [
      43.47491499284746,
      -79.68183008890149
    ],
    [
      43.6095070165526,
      -79.52295964509963
    ]
  ]
}