{
  "number": 35073,
  "projections": {
    "threethirtyeight": {
      "party": null,
      "confidence": 0
    },
    "calculatedPolitics": {
      "party": "cpc",
      "confidence": 0.5
    }
  },
  "scores": [
    {
      "party": "cpc",
      "score": 0.25
    }
  ],
  "winner": {
    "party": null,
    "confidence": 0
  },
  "name": "Oakville North--Burlington",
  "position": {
    "y": -79.76815984090652,
    "x": 43.44564622093882
  },
  "bounds": [
    [
      43.364644109333604,
      -79.83401748359049
    ],
    [
      43.52652738203304,
      -79.69538650041069
    ]
  ]
}