{
  "number": 35084,
  "projections": {
    "threethirtyeight": {
      "party": null,
      "confidence": 0
    },
    "calculatedPolitics": {
      "party": "lpc",
      "confidence": 0.5
    }
  },
  "scores": [
    {
      "party": "lpc",
      "score": 0.25
    }
  ],
  "winner": {
    "party": null,
    "confidence": 0
  },
  "name": "Peterborough--Kawartha",
  "slug": "Peterborough-Kawartha",
  "position": {
    "x": 44.61119735776335,
    "y": -78.19904486129556
  },
  "bounds": [
    [
      44.2521407927079,
      -78.65482845586423
    ],
    [
      44.91676919694432,
      -77.72737240824264
    ]
  ]
}