{
  "number": 35093,
  "projections": {
    "threethirtyeight": {
      "party": null,
      "confidence": 0
    },
    "calculatedPolitics": {
      "party": "lpc",
      "confidence": 1
    }
  },
  "scores": [
    {
      "party": "lpc",
      "score": 0.5
    }
  ],
  "winner": {
    "party": "lpc",
    "score": 0.5
  },
  "name": "Scarborough--Agincourt",
  "position": {
    "y": -79.30811509895895,
    "x": 43.79648879577382
  },
  "bounds": [
    [
      43.76835733310806,
      -79.34130618157717
    ],
    [
      43.82594101462657,
      -79.27476959912225
    ]
  ]
}