{
  "number": 35100,
  "projections": {
    "threethirtyeight": {
      "party": null,
      "confidence": 0
    },
    "calculatedPolitics": {
      "party": "cpc",
      "confidence": 0.5
    }
  },
  "scores": [
    {
      "party": "cpc",
      "score": 0.25
    }
  ],
  "winner": {
    "party": null,
    "confidence": 0
  },
  "name": "Simcoe North",
  "slug": "Simcoe-North",
  "position": {
    "x": 44.711958114607306,
    "y": -79.75362223047192
  },
  "bounds": [
    [
      44.42982300787645,
      -80.5207080289332
    ],
    [
      44.942558022140126,
      -79.08183403822656
    ]
  ]
}