{
  "number": 35111,
  "projections": {
    "threethirtyeight": {
      "party": null,
      "confidence": 0
    },
    "calculatedPolitics": {
      "party": "cpc",
      "confidence": 0.5
    }
  },
  "scores": [
    {
      "party": "cpc",
      "score": 0.25
    }
  ],
  "winner": {
    "party": null,
    "confidence": 0
  },
  "name": "Vaughan--Woodbridge",
  "slug": "Vaughan-Woodbridge",
  "position": {
    "x": 43.798603161389984,
    "y": -79.60119414546486
  },
  "bounds": [
    [
      43.749845708025184,
      -79.67866791656078
    ],
    [
      43.84700361932649,
      -79.53482341821727
    ]
  ]
}