{
  "number": 35117,
  "projections": {
    "threethirtyeight": {
      "party": null,
      "confidence": 0
    },
    "calculatedPolitics": {
      "party": "ndp",
      "confidence": 1
    }
  },
  "scores": [
    {
      "party": "ndp",
      "score": 0.5
    }
  ],
  "winner": {
    "party": "ndp",
    "score": 0.5
  },
  "name": "Windsor West",
  "position": {
    "x": 42.27822351045461,
    "y": -83.0307961447737
  },
  "bounds": [
    [
      42.233657100516474,
      -83.11506819863827
    ],
    [
      42.32718373874966,
      -82.95264511716918
    ]
  ]
}