{
  "number": 35118,
  "projections": {
    "threethirtyeight": {
      "party": null,
      "confidence": 0
    },
    "calculatedPolitics": {
      "party": "cpc",
      "confidence": 0.5
    }
  },
  "scores": [
    {
      "party": "cpc",
      "score": 0.25
    }
  ],
  "winner": {
    "party": null,
    "confidence": 0
  },
  "name": "York Centre",
  "slug": "York-Centre",
  "position": {
    "x": 43.752551934753434,
    "y": -79.4677712350555
  },
  "bounds": [
    [
      43.71774860684994,
      -79.5132102128679
    ],
    [
      43.79240009201526,
      -79.411401427355
    ]
  ]
}