{
  "number": 46003,
  "projections": {
    "threethirtyeight": {
      "party": null,
      "confidence": 0
    },
    "calculatedPolitics": {
      "party": "ndp",
      "confidence": 1
    }
  },
  "scores": [
    {
      "party": "ndp",
      "score": 0.5
    }
  ],
  "winner": {
    "party": "ndp",
    "score": 0.5
  },
  "name": "Churchill--Keewatinook Aski",
  "position": {
    "y": -97.09096014047805,
    "x": 55.94345550471907
  },
  "bounds": [
    [
      50.39577207246231,
      -102.0000000251461
    ],
    [
      60.00006152625466,
      -88.98649334011766
    ]
  ]
}