{
  "number": 46009,
  "projections": {
    "threethirtyeight": {
      "party": null,
      "confidence": 0
    },
    "calculatedPolitics": {
      "party": "lpc",
      "confidence": 0.5
    }
  },
  "scores": [
    {
      "party": "lpc",
      "score": 0.25
    }
  ],
  "winner": {
    "party": null,
    "confidence": 0
  },
  "name": "Saint Boniface--Saint Vital",
  "position": {
    "y": -97.07555437383678,
    "x": 49.85157818159103
  },
  "bounds": [
    [
      49.7888371891815,
      -97.14849657405298
    ],
    [
      49.902672865386904,
      -97.02642049549665
    ]
  ]
}