{
  "number": 46014,
  "projections": {
    "threethirtyeight": {
      "party": null,
      "confidence": 0
    },
    "calculatedPolitics": {
      "party": "lpc",
      "confidence": 0.5
    }
  },
  "scores": [
    {
      "party": "lpc",
      "score": 0.25
    }
  ],
  "winner": {
    "party": null,
    "confidence": 0
  },
  "name": "Winnipeg South Centre",
  "position": {
    "y": -97.17922251495172,
    "x": 49.849079304294584
  },
  "bounds": [
    [
      49.813324778791724,
      -97.23429280598963
    ],
    [
      49.88587855956183,
      -97.1125379752033
    ]
  ]
}