{
  "number": 46013,
  "projections": {
    "threethirtyeight": {
      "party": null,
      "confidence": 0
    },
    "calculatedPolitics": {
      "party": "lpc",
      "confidence": 0.5
    }
  },
  "scores": [
    {
      "party": "lpc",
      "score": 0.25
    }
  ],
  "winner": {
    "party": null,
    "confidence": 0
  },
  "name": "Winnipeg South",
  "position": {
    "y": -97.14495913280358,
    "x": 49.77997895224056
  },
  "bounds": [
    [
      49.71363749142379,
      -97.22216547064941
    ],
    [
      49.838208484617304,
      -97.04329650027783
    ]
  ]
}