{
  "number": 59008,
  "projections": {
    "threethirtyeight": {
      "party": "cpc",
      "confidence": 0.5
    },
    "calculatedPolitics": {
      "party": null,
      "confidence": 0
    }
  },
  "scores": [
    {
      "party": "cpc",
      "score": 0.25
    }
  ],
  "winner": {
    "party": null,
    "confidence": 0
  },
  "name": "Coquitlam--Port Coquitlam",
  "position": {
    "x": 49.430898944480774,
    "y": -122.7334118071955
  },
  "bounds": [
    [
      49.213381215054284,
      -122.94504470846769
    ],
    [
      49.57427534049748,
      -122.52683879230503
    ]
  ]
}