{
  "number": 59009,
  "projections": {
    "threethirtyeight": {
      "party": null,
      "confidence": 0
    },
    "calculatedPolitics": {
      "party": "cpc",
      "confidence": 0.5
    }
  },
  "scores": [
    {
      "party": "cpc",
      "score": 0.25
    }
  ],
  "winner": {
    "party": null,
    "confidence": 0
  },
  "name": "Courtenay--Alberni",
  "slug": "Courtenay-Alberni",
  "position": {
    "x": 49.21569209082301,
    "y": -125.27214163961504
  },
  "bounds": [
    [
      48.521572021807366,
      -126.62861990610193
    ],
    [
      49.74093351188369,
      -124.03825030719715
    ]
  ]
}