{
  "number": 59012,
  "projections": {
    "threethirtyeight": {
      "party": null,
      "confidence": 0
    },
    "calculatedPolitics": {
      "party": "lpc",
      "confidence": 0.5
    }
  },
  "scores": [
    {
      "party": "lpc",
      "score": 0.25
    }
  ],
  "winner": {
    "party": null,
    "confidence": 0
  },
  "name": "Fleetwood--Port Kells",
  "slug": "Fleetwood-Port-Kells",
  "position": {
    "x": 49.174132760290064,
    "y": -122.75742184128968
  },
  "bounds": [
    [
      49.12620460195927,
      -122.82343381358011
    ],
    [
      49.219660270981855,
      -122.66792100492322
    ]
  ]
}