{
  "number": 59017,
  "projections": {
    "threethirtyeight": {
      "party": "cpc",
      "confidence": 0.5
    },
    "calculatedPolitics": {
      "party": null,
      "confidence": 0
    }
  },
  "scores": [
    {
      "party": "cpc",
      "score": 0.25
    }
  ],
  "winner": {
    "party": null,
    "confidence": 0
  },
  "name": "Mission--Matsqui--Fraser Canyon",
  "position": {
    "y": -122.02742753031056,
    "x": 50.27939537979603
  },
  "bounds": [
    [
      49.05564883280273,
      -123.7582174748975
    ],
    [
      51.22007306191181,
      -120.89010480496216
    ]
  ]
}