{
  "number": 59026,
  "projections": {
    "threethirtyeight": {
      "party": null,
      "confidence": 0
    },
    "calculatedPolitics": {
      "party": null,
      "confidence": 0
    }
  },
  "scores": [],
  "winner": {
    "party": null,
    "confidence": 0
  },
  "name": "Esquimalt--Saanich--Sooke",
  "position": {
    "y": -123.68591039356474,
    "x": 48.36043939529665
  },
  "bounds": [
    [
      48.249999997870674,
      -124.13203663109672
    ],
    [
      48.58145534610567,
      -123.35118235725214
    ]
  ]
}