{
  "number": 59023,
  "projections": {
    "threethirtyeight": {
      "party": "cpc",
      "confidence": 0.5
    },
    "calculatedPolitics": {
      "party": null,
      "confidence": 0
    }
  },
  "scores": [
    {
      "party": "cpc",
      "score": 0.25
    }
  ],
  "winner": {
    "party": null,
    "confidence": 0
  },
  "name": "Port Moody--Coquitlam",
  "position": {
    "y": -122.86128434059853,
    "x": 49.29845911024156
  },
  "bounds": [
    [
      49.21933019590636,
      -122.94566513506584
    ],
    [
      49.38204645391183,
      -122.78998102438213
    ]
  ]
}