{
  "number": 59036,
  "projections": {
    "threethirtyeight": {
      "party": null,
      "confidence": 0
    },
    "calculatedPolitics": {
      "party": null,
      "confidence": 0
    }
  },
  "scores": [],
  "winner": {
    "party": null,
    "confidence": 0
  },
  "name": "Vancouver Granville",
  "slug": "Vancouver-Granville",
  "position": {
    "x": 49.238010552201985,
    "y": -123.12998397844109
  },
  "bounds": [
    [
      49.198534897927416,
      -123.15550945621555
    ],
    [
      49.26930889339122,
      -123.10084401175912
    ]
  ]
}