{
  "number": 59037,
  "projections": {
    "threethirtyeight": {
      "party": null,
      "confidence": 0
    },
    "calculatedPolitics": {
      "party": "ndp",
      "confidence": 0.5
    }
  },
  "scores": [
    {
      "party": "ndp",
      "score": 0.25
    }
  ],
  "winner": {
    "party": null,
    "confidence": 0
  },
  "name": "North Island--Powell River",
  "position": {
    "y": -126.32571717793324,
    "x": 50.68565545561879
  },
  "bounds": [
    [
      49.43856931030807,
      -129.11989091935357
    ],
    [
      52.01231246473774,
      -123.71402467142462
    ]
  ]
}