{
  "number": 61001,
  "projections": {
    "threethirtyeight": {
      "party": null,
      "confidence": 0
    },
    "calculatedPolitics": {
      "party": null,
      "confidence": 0
    }
  },
  "scores": [],
  "winner": {
    "party": null,
    "confidence": 0
  },
  "name": "Northwest Territories",
  "slug": "Northwest-Territories",
  "position": {
    "x": 73.15782376240809,
    "y": -123.36307087698027
  },
  "bounds": [
    [
      59.999999986250046,
      -141.01009129167446
    ],
    [
      89.99942704210702,
      -101.99999996694537
    ]
  ]
}