{
  "number": 10004,
  "projections": {
    "threethirtyeight": {
      "party": null,
      "confidence": 0
    },
    "calculatedPolitics": {
      "party": "lpc",
      "confidence": 0.5
    }
  },
  "scores": [
    {
      "party": "lpc",
      "score": 0.25
    }
  ],
  "winner": {
    "party": null,
    "confidence": 0
  },
  "name": "Labrador",
  "slug": "Labrador",
  "position": {
    "x": 54.46612533073035,
    "y": -61.61232515660049
  },
  "bounds": [
    [
      51.250241117399554,
      -67.82168528783178
    ],
    [
      60.37774401263083,
      -55.177891783309455
    ]
  ]
}