{
  "number": 12003,
  "projections": {
    "threethirtyeight": {
      "party": null,
      "confidence": 0
    },
    "calculatedPolitics": {
      "party": "cpc",
      "confidence": 0.5
    }
  },
  "scores": [
    {
      "party": "cpc",
      "score": 0.25
    }
  ],
  "winner": {
    "party": null,
    "confidence": 0
  },
  "name": "Cumberland--Colchester",
  "slug": "Cumberland-Colchester",
  "position": {
    "x": 45.56939954101739,
    "y": -63.822272596269
  },
  "bounds": [
    [
      45.029190170442696,
      -65.0392631648965
    ],
    [
      46.10018761879796,
      -62.71410969835247
    ]
  ]
}