{
  "number": 35006,
  "projections": {
    "threethirtyeight": {
      "party": null,
      "confidence": 0
    },
    "calculatedPolitics": {
      "party": null,
      "confidence": 0
    }
  },
  "scores": [],
  "winner": {
    "party": null,
    "confidence": 0
  },
  "name": "Bay of Quinte",
  "slug": "Bay-of-Quinte",
  "position": {
    "x": 44.016611150236415,
    "y": -77.20904631558946
  },
  "bounds": [
    [
      43.79817167349302,
      -77.75446460795852
    ],
    [
      44.31439129394511,
      -76.50000153179573
    ]
  ]
}