{
  "number": 35018,
  "projections": {
    "threethirtyeight": {
      "party": "ndp",
      "confidence": 0.5
    },
    "calculatedPolitics": {
      "party": null,
      "confidence": 0
    }
  },
  "scores": [
    {
      "party": "ndp",
      "score": 0.25
    }
  ],
  "winner": {
    "party": null,
    "confidence": 0
  },
  "name": "Davenport",
  "slug": "Davenport",
  "position": {
    "x": 43.66937867806212,
    "y": -79.44404487717244
  },
  "bounds": [
    [
      43.64066455934016,
      -79.47054739198853
    ],
    [
      43.69568538638013,
      -79.42076388534272
    ]
  ]
}