{
  "number": 35043,
  "projections": {
    "threethirtyeight": {
      "party": null,
      "confidence": 0
    },
    "calculatedPolitics": {
      "party": "lpc",
      "confidence": 0.5
    }
  },
  "scores": [
    {
      "party": "lpc",
      "score": 0.25
    }
  ],
  "winner": {
    "party": null,
    "confidence": 0
  },
  "name": "King--Vaughan",
  "slug": "King-Vaughan",
  "position": {
    "x": 43.93100750447176,
    "y": -79.60388615433115
  },
  "bounds": [
    [
      43.81930340253379,
      -79.77550439904392
    ],
    [
      44.04918730597698,
      -79.45866018464103
    ]
  ]
}