{
  "number": 35065,
  "projections": {
    "threethirtyeight": {
      "party": null,
      "confidence": 0
    },
    "calculatedPolitics": {
      "party": null,
      "confidence": 0
    }
  },
  "scores": [],
  "winner": {
    "party": null,
    "confidence": 0
  },
  "name": "Newmarket--Aurora",
  "slug": "Newmarket-Aurora",
  "position": {
    "x": 44.04014220941023,
    "y": -79.45880295624289
  },
  "bounds": [
    [
      43.9940411034422,
      -79.51080810982077
    ],
    [
      44.08689391884049,
      -79.40645613811023
    ]
  ]
}