{
  "number": 35114,
  "projections": {
    "threethirtyeight": {
      "party": null,
      "confidence": 0
    },
    "calculatedPolitics": {
      "party": "lpc",
      "confidence": 0.5
    }
  },
  "scores": [
    {
      "party": "lpc",
      "score": 0.25
    }
  ],
  "winner": {
    "party": null,
    "confidence": 0
  },
  "name": "Whitby",
  "slug": "Whitby",
  "position": {
    "x": 43.933084798097504,
    "y": -78.96524923962204
  },
  "bounds": [
    [
      43.833493978619146,
      -79.04731130406515
    ],
    [
      44.02868709023758,
      -78.8821771906138
    ]
  ]
}