{
  "number": 47012,
  "projections": {
    "threethirtyeight": {
      "party": null,
      "confidence": 0
    },
    "calculatedPolitics": {
      "party": "ndp",
      "confidence": 0.5
    }
  },
  "scores": [
    {
      "party": "ndp",
      "score": 0.25
    }
  ],
  "winner": {
    "party": null,
    "confidence": 0
  },
  "name": "Saskatoon West",
  "slug": "Saskatoon-West",
  "position": {
    "x": 52.15000113387921,
    "y": -106.70994545698053
  },
  "bounds": [
    [
      52.086999328620564,
      -106.82443686627686
    ],
    [
      52.2364136430397,
      -106.61757835940976
    ]
  ]
}