{
  "number": 59008,
  "projections": {
    "threethirtyeight": {
      "party": null,
      "confidence": 0
    },
    "calculatedPolitics": {}
  },
  "scores": [],
  "winner": {
    "party": null,
    "confidence": 0
  },
  "name": "Coquitlam--Port Coquitlam",
  "slug": "Coquitlam-Port-Coquitlam",
  "position": {
    "x": 49.430898944480774,
    "y": -122.7334118071955
  },
  "bounds": [
    [
      49.213381215054284,
      -122.94504470846769
    ],
    [
      49.57427534049748,
      -122.52683879230503
    ]
  ]
}