{
  "number": 59007,
  "projections": {
    "threethirtyeight": {
      "party": null,
      "confidence": 0
    },
    "calculatedPolitics": {}
  },
  "scores": [],
  "winner": {
    "party": null,
    "confidence": 0
  },
  "name": "Cloverdale--Langley City",
  "slug": "Cloverdale-Langley-City",
  "position": {
    "x": 49.12311788451906,
    "y": -122.71753900229338
  },
  "bounds": [
    [
      49.082006096498084,
      -122.82344153568437
    ],
    [
      49.16641709492317,
      -122.6375079865602
    ]
  ]
}