{
  "number": 59011,
  "projections": {
    "threethirtyeight": {
      "party": null,
      "confidence": 0
    },
    "calculatedPolitics": {}
  },
  "scores": [],
  "winner": {
    "party": null,
    "confidence": 0
  },
  "name": "Delta",
  "slug": "Delta",
  "position": {
    "x": 49.076492577971685,
    "y": -123.07838422578435
  },
  "bounds": [
    [
      49.00191908331432,
      -123.35208880840273
    ],
    [
      49.194688724331094,
      -122.88920504927005
    ]
  ]
}