{
  "number": 59029,
  "projections": {
    "threethirtyeight": {
      "party": null,
      "confidence": 0
    },
    "calculatedPolitics": {}
  },
  "scores": [],
  "winner": {
    "party": null,
    "confidence": 0
  },
  "name": "South Okanagan--West Kootenay",
  "slug": "South-Okanagan-West-Kootenay",
  "position": {
    "x": 49.5518651829832,
    "y": -118.36649773314743
  },
  "bounds": [
    [
      49.00000000739113,
      -119.90013561542328
    ],
    [
      50.555212092753116,
      -117.12907879422919
    ]
  ]
}