{
  "number": 59030,
  "projections": {
    "threethirtyeight": {
      "party": null,
      "confidence": 0
    },
    "calculatedPolitics": {}
  },
  "scores": [],
  "winner": {
    "party": null,
    "confidence": 0
  },
  "name": "South Surrey--White Rock",
  "slug": "South-Surrey-White-Rock",
  "position": {
    "x": 49.05080184569187,
    "y": -122.79854317993656
  },
  "bounds": [
    [
      49.001891749086205,
      -122.95891751028621
    ],
    [
      49.108283096354135,
      -122.67924851762461
    ]
  ]
}